{
    "frame_number": 99151,
    "t_capture": 5304.89499,
    "t_sent": 1509638855.785392,
    "camera_id": 1,
    "balls": [
      {
        "confidence": 0.7377133369445801,
        "area": 118,
        "x": -42.369476318359375,
        "y": 494.2667236328125,
        "z": 0,
        "pixel_x": 323.2542419433594,
        "pixel_y": 387.22882080078125
      } 
    ],
    "robots_yellow": [
    {
        "confidence": 0.9521661400794983,
        "robot_id": 1,
        "x": 292.3643493652344,
        "y": -322.2412109375,
        "orientation": -1.907092809677124,
        "pixel_x": 421.7045593261719,
        "pixel_y": 112.09848022460938,
        "height": 75
      }
  ],
    "robots_blue": [
      {
        "confidence": 0.9521661400794983,
        "robot_id": 2,
        "x": 292.3643493652344,
        "y": -322.2412109375,
        "orientation": -1.907092809677124,
        "pixel_x": 441.7045593261719,
        "pixel_y": 142.09848022460938,
        "height": 75
      },
      {
        "confidence": 0.9513154625892639,
        "robot_id": 0,
        "x": -502.451904296875,
        "y": 116.85389709472656,
        "orientation": -1.5396157503128052,
        "pixel_x": 196.08973693847656,
        "pixel_y": 274.25,
        "height": 75
      },
      {
        "confidence": 0.936164140701294,
        "robot_id": 4,
        "x": -484.97503662109375,
        "y": -451.63360595703125,
        "orientation": -1.2758578062057495,
        "pixel_x": 203.5345916748047,
        "pixel_y": 101.34590911865234,
        "height": 75
      }
    ]
  }